"","1997","1998","1999","2000","2001","2002","2003","2004","2005","2006","2007","2008","2009","2010","2011","2012","2013","2014","2015"
"1111A0",19973,17241,13259,13646,13721,14258,15672,21290,17910,18325,21425,31559,33027,34592,38524,43037,49299,41427,35521
"1111B0",34789,30099,24916,25457,26093,26776,33381,37691,30733,35605,55482,73314,61320,59108,81702,85428,86263,73825,62106
"111200",14433,14849,14916,15876,15332,16412,16638,16145,16762,17651,18718,19284,19921,19457,20232,17276,23740,20628,20758
"111300",13260,12348,12346,12714,12137,13026,13838,15779,17376,17611,18867,19690,19689,22247,24870,26664,31933,30179,30346
"111400",13404,13683,14280,14502,14998,15707,16332,17240,17481,17970,18578,18229,17839,18294,18758,18975,18649,17684,18225
"111900",21438,18582,17305,16251,15811,14397,17446,19611,17095,18433,20635,21505,19577,24043,26524,27719,28625,26196,23269
"1121A0",40638,37102,39179,44094,45184,41073,47471,54106,56458,55849,55374,55831,50586,58332,70169,74951,77134,91455,83274
"112120",21454,24601,23662,21030,25145,21046,21830,28074,27371,24134,36155,35629,25161,32223,40446,37765,41074,50136,36197
"112A00",17315,15961,16775,18548,18892,17688,19993,21862,22537,23042,23638,23760,20986,23838,28876,30157,31296,35709,33360
"112300",22677,23358,23309,22199,25021,21514,24237,30024,29297,27141,33612,37295,33067,36112,36879,38952,44929,50164,49396
"113000",19324,22257,25444,20549,19931,20975,21256,23763,24408,24604,19076,16735,14742,17057,17529,15143,17064,19975,19964
"114000",6346,6376,6264,6115,6014,5677,6611,7276,6833,6744,6899,7773,7650,8633,9839,8258,9177,9111,9720
"115000",12741,13250,13591,12553,12953,12787,13447,14293,15372,16391,18482,19936,18361,18815,20313,22976,21969,25523,24594
"211000",97795,72100,85102,144879,142654,116895,166221,198869,260625,270999,293640,395361,223643,289670,343662,341268,396731,436753,255415
"212100",26209,25883,23038,23314,24486,23611,24231,27986,34663,39803,42939,51920,50808,54227,65002,60806,55672,54923,46015
"2122A0",6989,6707,5928,6318,5397,5989,6782,9403,13313,13494,13840,16299,13491,19190,23775,24428,21172,19978,16014
"212230",4813,3827,3531,3887,3273,2909,3191,4945,6656,11726,12867,12692,8814,11566,13565,12999,12774,13629,11173
"212310",8035,8254,8751,9342,10183,10818,11077,12410,15720,19963,19080,18999,15900,15555,16141,17153,17147,19293,19085
"2123A0",9618,10171,11386,11397,11074,10849,11604,12272,13514,14460,14861,16582,15348,14213,17389,18086,19064,26040,25101
"213111",7714,8400,5490,5525,10261,8301,10545,12022,17167,23072,22891,28310,18203,20696,25738,34059,34076,40392,26923
"21311A",13027,13743,10723,11594,16912,14615,16896,19859,30106,46405,51328,52200,34197,38204,50800,61383,62890,70567,50036
"221100",194466,198079,240513,273929,329434,228066,224240,224897,266818,278871,306100,336407,279764,310877,291985,272559,286163,310395,302319
"221200",53994,51566,55543,79912,95309,83307,103972,111071,132294,121308,121614,142875,98021,100672,96318,81564,93652,107066,85548
"221300",5759,6122,6529,6874,7252,7664,8128,8545,9091,9947,10515,11125,11471,11902,12454,12391,12741,13579,13956
"230301",83549,85758,88547,92695,96450,98997,102082,112332,124239,135247,142401,151648,145900,150489,157463,162350,167306,171764,172357
"230302",7605,14750,16244,22296,25950,32062,37486,46551,55594,62784,67094,62490,60401,60438,61814,65222,67848,70136,73977
"233210",22663,23112,23794,25195,25110,28301,30926,33223,35918,40478,45296,48115,46088,39967,38843,40981,38623,38211,38718
"233230",32363,34674,30218,32183,33238,17859,19676,21104,26894,31120,34660,54454,40712,31129,35529,34901,46227,51615,66973
"233240",29400,32706,38566,45785,47581,49825,47887,44410,48399,51962,76787,87634,91307,80108,75776,95342,91832,98520,94619
"233262",44652,47042,51920,58422,64715,68764,70670,71920,75638,82742,90810,94624,95147,86776,85428,83575,80309,83024,87133
"233293",38732,39769,43720,47671,54546,54719,54475,57181,61791,69416,72951,75020,75750,74134,71653,68811,66352,68233,73594
"2332A0",88546,98194,107868,117676,120890,98576,96898,104452,111447,123826,142348,143399,97253,71712,71543,78182,78815,97628,110049
"2332B0",86031,92043,98072,107215,102711,105950,103223,108365,109988,123915,144326,162720,146854,126155,120178,112535,116335,121239,138376
"233411",156480,179845,204835,219144,228739,244446,289373,352895,407439,386620,279670,166290,93781,104872,98451,121787,163287,184533,221586
"233412",22157,25499,26082,26617,32239,34982,37219,40920,49151,52749,50840,47112,35213,21644,23223,27974,36750,44841,56407
"2334A0",97411,101129,108576,116902,123008,133447,145212,159130,173627,184137,182205,172514,161950,160869,168657,178236,185996,202237,218771
"321100",29220,28416,30680,29085,26743,26836,27497,31263,33641,33109,27922,24483,19102,21996,21993,23599,27247,28242,28289
"321200",18636,19969,21771,21304,19616,20096,21504,24701,26454,25587,21677,18145,12692,14034,14056,17078,20123,20638,20686
"321910",18664,19802,21761,22779,22089,22477,23728,26913,28326,29856,27916,23396,16980,17913,17718,20193,22728,25874,25947
"3219A0",21106,22707,23052,19993,17929,19344,18237,21459,24635,24310,23571,21496,15669,16318,17107,17959,19178,21135,21776
"327100",8997,8995,9313,9305,8689,8271,8200,8560,9134,9507,8654,7970,6149,7131,7342,7181,7567,7909,7925
"327200",22505,22530,23066,23914,22682,22426,22078,22595,23291,23779,23310,23297,20173,20684,21799,23263,23853,24758,24856
"327310",6425,6810,6859,6991,7330,7366,7503,8302,9269,10333,10348,8926,5717,5207,5356,5947,6768,7261,7330
"327320",16912,19114,20296,20739,21313,21481,22442,23373,26827,31360,34765,27775,20508,20373,19549,21184,21892,24918,25158
"327330",4401,5395,5899,5984,5910,6203,6395,6784,8071,9147,8985,6929,6251,5979,5687,5582,5783,6201,6218
"327390",5836,6760,7406,7978,8359,8943,8430,9397,10531,11690,12067,12043,8710,7645,7591,8616,9438,10421,10497
"327400",5408,6490,6856,5959,4858,4956,5336,6286,7735,9059,7497,6552,4480,5156,5295,5955,7205,7453,7504
"327910",4625,4696,4376,4107,3368,3479,3577,3793,4081,4440,4444,4329,3368,4357,4916,5097,5270,5639,5694
"327991",1282,1367,1584,1747,1847,2349,2413,2657,3027,3380,4268,3862,2899,2914,2976,3724,4162,4336,4372
"327992",2356,2201,2264,2304,2209,2077,2436,2121,1905,3120,3153,3468,3439,3845,3849,3530,3947,4236,4276
"327993",4373,4525,4735,4772,4763,4889,4823,5321,5728,6189,5967,5319,4642,4775,5236,4919,5676,5838,5879
"327999",1737,1979,1872,2044,2035,1870,1953,2338,2680,2858,3249,2994,2594,2719,2777,3993,4319,4385,4418
"331110",58372,56932,52775,52114,44963,47063,48614,76559,82423,92611,101913,126597,63749,95068,117070,112387,107924,108066,86571
"331200",18330,18682,16696,17187,14903,14985,14268,17877,20379,19950,22330,25722,15143,22836,26675,25932,24870,25249,20217
"33131A",7492,7487,6858,6925,6031,5727,5553,6577,6500,8009,7836,8164,4415,5755,7024,6434,5976,5520,5053
"331314",3543,3458,3375,3500,3083,3516,3520,4056,5282,6630,7760,7251,3332,5065,5903,5932,6293,6525,5971
"33131B",21325,20930,20544,20947,19010,18815,17981,20832,24199,26805,25888,24398,17488,22252,25030,25041,26406,26989,24598
"331411",5960,5500,4652,3342,2737,2630,2367,3546,3963,7442,7584,6522,5695,9105,9840,8882,9061,8665,7905
"331419",3346,3364,3153,2871,2698,2339,2274,2720,3245,4454,5927,7084,6487,8222,9770,6520,6633,6353,5788
"331420",9744,9692,8943,9511,7650,10008,10130,13235,15602,20698,25562,23120,13993,21071,24814,22109,22467,22429,20467
"331490",10155,10274,9127,9091,8283,7099,6888,7566,9562,12369,18181,20048,13532,17914,23327,22860,21368,20144,18391
"331510",17208,17158,17877,17851,16114,14831,14386,16776,18725,20463,18750,18127,13300,15926,18023,18574,17751,18784,18451
"331520",11500,11839,11546,11387,10492,11501,10845,11435,11952,13035,13816,12521,8853,10919,12397,12908,13375,13930,14377
"33211A",8171,8759,8319,8456,7899,7420,7193,7952,9094,10403,12433,12702,9913,11067,13057,14646,14829,15253,13550
"332114",3258,3416,3553,3691,3374,3986,4471,5699,6530,7169,8046,8951,5959,7048,7757,8341,8266,8529,7591
"33211B",12963,13405,14122,15218,12662,9870,10075,11471,12706,13315,12749,13675,10192,11498,12948,11831,11877,11897,10601
"332200",11005,11099,11401,11379,10401,10403,9921,9328,9927,10051,10486,9586,9397,10522,10524,9653,9797,9739,10011
"332310",23785,25460,26624,27762,26808,28088,26932,29312,34320,39701,45494,50519,38251,34600,36756,40567,40860,44378,44975
"332320",29906,31966,33620,36546,35258,31870,31493,34541,38142,41293,43709,44256,34219,33081,34518,36286,36453,38767,39331
"332410",3915,4159,4051,4169,4262,3825,3629,3652,4409,5570,5816,7272,5750,5655,6796,7163,7457,7771,7468
"332420",4688,4765,4895,4695,4545,4784,4908,5223,5964,7896,8686,9051,6198,5815,7249,9456,9554,10210,9823
"332430",13976,14436,14086,14039,13772,14743,14601,14926,15506,15915,17158,18240,17575,18464,18835,18949,18618,19172,18468
"332500",10916,10953,11389,11933,10843,10191,9996,9874,9848,10030,9239,8256,6369,6417,6605,7036,7270,7889,7966
"332600",8310,9289,8898,8886,8247,8618,8432,8519,9051,9006,9146,9204,7480,8201,8478,8792,8855,8972,9060
"332710",26757,27112,28079,30735,29545,26787,26630,29220,32501,36245,37117,39409,30320,33775,39989,40313,40453,42002,42626
"332720",16326,17189,16639,17039,15367,16319,15780,16758,18868,19956,24259,24933,18497,21358,24302,28038,28891,29284,29547
"332800",18234,19296,19522,20688,19554,19319,18834,20620,23234,24880,26840,27782,20414,24285,27080,27262,27860,28910,29192
"33291A",18326,18958,17772,18270,17608,17430,17245,17938,19698,21971,23942,25038,20170,22632,26501,27408,28286,29375,27504
"332913",3493,3599,3306,3363,3146,3311,3102,3244,3221,3866,4200,4355,3417,3075,2940,3374,3688,3653,3400
"332991",6062,6115,6016,5981,5099,5698,5894,6538,7112,7517,7487,9620,7116,7416,8658,6771,6381,6958,7017
"33299A",5098,5189,5144,4866,4391,5170,6315,7322,7562,9414,8623,8419,9245,9375,11945,13952,16147,15005,16640
"332996",4099,4169,4246,4580,4645,3809,3630,3885,4771,5592,7342,8413,6196,6158,7471,8168,7956,8142,8219
"33299B",12326,12997,13649,14487,13359,14067,14033,13201,14467,15716,18286,17049,13719,14564,15702,29208,30043,31660,32011
"333111",15879,16286,11570,13381,13749,14322,15168,17299,19895,19725,21594,25482,24112,25581,29565,38939,43240,43132,28727
"333112",6998,7525,7443,7421,6749,6702,7359,7444,7727,7442,8275,7998,7260,8634,9091,7958,8558,8585,9952
"333120",21276,22637,21398,22560,19639,18237,19732,25207,32529,36917,34201,33951,23150,29132,37319,41847,33686,35797,42607
"333130",8622,9015,7874,7944,8336,7484,7992,9036,11031,15118,21228,24894,20315,21486,26048,32314,31570,31528,20399
"33329A",21440,21631,20973,22110,19640,17553,17125,17197,18688,19910,21847,21631,17408,18225,20271,20160,20852,22489,20490
"333220",3520,3193,3170,3395,3090,2904,2711,3009,2993,3171,3601,3913,2782,2964,3086,3161,3245,3535,3193
"333295",10705,9635,11947,20058,11908,9045,8839,11226,11137,14117,14167,9751,5982,9986,12729,10450,9453,7691,6944
"33331A",11740,12245,12473,13433,12840,13601,13535,13894,14501,15925,15028,14848,13225,13983,15001,16022,15421,15507,17041
"333313",3045,2981,2992,2768,2686,2589,1987,2237,2272,2607,2222,2092,1489,1687,1620,2958,2857,2870,2542
"333314",3333,3350,3708,3576,2935,3229,3355,3194,3411,3839,4505,5012,4743,4804,5056,5432,5126,4632,4104
"333315",7862,8342,7980,5276,3487,2034,2146,2354,2514,2641,2382,2369,2098,2316,2503,552,511,451,436
"33341A",4089,4214,4092,4201,3924,4046,4058,3941,4230,4690,5360,5998,4892,4887,5472,6380,6483,6642,6634
"333414",3701,3735,4049,4277,4031,3862,3957,4276,4757,5096,4878,5096,3658,3706,4035,5099,4831,4793,4782
"333415",22638,24551,25671,25894,24307,23884,23961,25184,28215,28710,29726,29665,26785,27848,29423,30847,31823,31330,31263
"333511",5169,5258,5400,5646,4806,5470,5278,5220,5570,5668,5640,5436,4378,5017,5712,6393,6580,6666,7079
"33351A",7537,7047,6498,6788,5639,4204,4078,4484,5130,5756,6498,6822,4463,4893,6469,7416,7596,8009,8494
"333514",8327,8476,8345,8714,7333,7106,7157,7199,7894,7942,7805,8144,5826,6880,7989,8051,8481,9485,10067
"33351B",9380,9532,9324,9962,8563,8291,7642,7814,8185,8339,8265,8489,6067,7161,8118,8747,8511,8923,9462
"333611",6308,6792,6814,8294,12040,14021,13142,6576,7054,6651,8900,9620,11649,10349,11548,16243,14292,13498,19007
"333612",2387,2449,2471,2498,2132,2027,1978,1999,2171,2483,3450,3709,2803,3023,3621,4948,4057,4146,3667
"333613",3122,3281,3176,3358,3035,2704,2492,2762,3032,3226,4172,4359,3152,3548,4324,4376,4189,4101,3634
"333618",19109,20460,22659,21483,19455,18403,20364,23545,26264,28236,25415,25011,16983,19179,26402,28077,25443,28400,25173
"33391A",7841,8699,8391,8695,8196,7739,8695,9156,10156,10494,13390,14034,12355,12694,15041,16169,16687,17793,16556
"333912",5378,5119,5404,5896,4954,4178,4432,5168,6540,7900,9389,9698,7932,8049,8609,10008,10531,11333,10521
"333920",15988,17297,18100,19536,17875,15069,15814,18015,21501,24368,27223,26193,22348,26626,28790,30190,27869,28771,31315
"333991",3459,4067,4365,4511,3735,3557,3252,2776,2432,2030,2529,2558,1496,1759,2110,3961,3846,3440,3486
"33399A",14745,14438,14260,15114,13597,14909,14697,15545,16977,17236,17492,18115,14261,16599,19154,21919,22395,23358,23505
"333993",4746,4814,4639,4649,4183,4097,4079,3815,3920,4122,4320,4770,3863,4341,5081,5521,5534,5531,5588
"333994",3413,3194,2881,3120,2793,2569,2464,2228,2411,2418,2365,2574,2031,2331,2777,2836,2782,2959,2989
"33399B",6256,6705,6777,7246,6461,5597,5852,6540,7586,8215,8876,9462,6921,8376,8619,10134,10157,10101,10186
"334111",62906,63807,67065,66546,56720,47935,45899,42476,43476,45556,48013,49273,39786,23304,12510,13471,14930,17039,17616
"334112",14494,15584,14024,13778,10644,8566,9296,7736,9336,9405,9546,9234,7349,9906,10932,12223,14340,12495,10026
"33411A",27186,27747,25962,25918,20180,16256,14988,15662,16617,18775,15593,16088,12799,13123,13984,15857,16316,14874,14490
"334210",39058,42300,53350,62732,50664,28680,23159,20763,20480,26935,20895,9813,9914,10756,10523,9589,10043,10325,9872
"334220",41515,41265,41960,55983,50672,35214,37770,40679,38703,42219,44087,44959,35182,31990,33039,30870,31983,29039,28899
"334290",4634,4748,5204,6060,7159,6493,5853,4961,4908,6060,5991,5480,5146,6277,6267,6122,6468,6656,6417
"334300",8052,8128,8293,8586,8491,8415,8131,10215,9750,9027,7628,5392,4048,4304,5000,2923,2814,3046,3198
"33441A",35438,35281,36856,43124,35309,28416,27248,26807,27575,28401,31715,31147,24470,26989,28968,30062,29706,30693,36381
"334413",80825,76611,85354,92968,64492,65332,71654,77548,81160,75311,78496,77399,63255,79905,88037,78877,73825,75161,65330
"334418",27455,25558,29683,36518,29898,24269,24339,22607,23353,23247,24251,23846,18228,21408,21596,19141,20296,19053,23037
"334510",12808,12857,13262,14100,14366,16376,17507,18582,20659,21583,26034,25836,23592,25635,25781,29497,29968,29926,31438
"334511",36823,35994,35191,36462,36888,35194,36396,42949,40495,42791,48766,52422,52303,53358,54461,52796,50452,49560,52352
"334512",3434,3496,3428,3606,3261,3458,3290,3279,2840,2934,3584,3451,2931,3249,3164,3196,3214,3363,3616
"334513",8968,8628,8496,8743,8288,8010,8021,8558,8793,9822,10697,11008,9132,9662,10974,12858,12965,13304,14117
"334514",4002,4092,4541,4993,4618,5030,5157,5703,5532,5300,5853,5942,5180,6050,6756,6964,5982,5536,5820
"334515",14984,14184,14867,17143,13498,11092,11275,12458,12312,12762,13791,11989,9060,10111,10828,12892,12092,12288,12973
"334516",7451,7628,8098,8501,8843,8588,8157,8833,9695,10474,13204,14345,12877,14197,14666,15009,14939,17338,18209
"334517",4097,4158,4218,4781,4645,4754,4367,5850,5997,5709,5787,4499,4217,4307,4102,10548,12220,14011,14632
"33451A",6935,7177,7444,8404,8357,7253,7162,7586,8400,9412,10122,10588,8887,9480,10968,12821,13182,13206,13986
"334610",9983,10968,8627,8938,8243,7860,8258,8385,8285,7038,7017,6945,5073,4691,3790,3611,3231,3590,4599
"335110",3253,3304,2916,3017,2442,2570,2530,2441,2361,2135,2080,1981,1856,1858,1616,1817,1689,1545,1551
"335120",9274,9933,10300,9978,9884,9499,8751,9203,9930,10675,11222,11337,8621,8803,9798,9834,9980,10490,10573
"335210",5476,5403,4626,5238,4607,4469,4393,4420,3884,3700,3584,3321,3128,2772,2574,3019,2932,2869,2634
"335221",3522,3841,3969,4145,3842,4305,4536,4469,4797,4631,4676,4048,3631,3722,3773,4343,4381,5102,4680
"335222",4891,5267,6067,5963,5731,5539,5835,5901,6164,6107,5776,4575,3622,3545,3582,3650,3515,3586,3286
"335224",3771,4142,3704,3604,3498,3572,3959,4252,4596,4451,4243,3832,3147,3206,3284,3856,3757,3829,3511
"335228",3243,3316,3415,3621,3637,3479,3476,4043,4229,4266,4573,4706,3972,4050,4147,4552,4470,4814,4409
"335311",4787,4657,4496,4813,4124,4137,3883,3594,4131,5061,7363,7326,5818,5536,6013,5825,5725,5894,5644
"335312",12068,11478,10713,10017,9292,9172,9350,10253,11413,12113,12411,13732,10349,10353,11413,12004,11465,11902,11393
"335313",7408,7827,8444,9938,9131,7965,7782,7908,8077,9162,10371,10946,9993,9784,10569,10919,11739,11943,11425
"335314",11206,11319,10857,10881,9635,9121,8435,9224,9275,9872,10775,10530,8794,9177,9834,9910,9907,10305,9934
"335911",4509,4323,4990,5032,4152,3530,3492,3490,3783,4192,5697,6339,5264,5941,6609,6393,6399,7123,6877
"335912",2442,2699,2810,3014,2832,2922,2813,2524,2845,3208,3080,3290,3729,4446,4602,4495,4035,3722,3478
"335920",15148,15151,16393,19349,15874,11236,10282,11295,13015,15877,16030,15490,11149,13382,15234,14879,13457,13238,13388
"335930",10511,11930,12243,12743,11669,10450,10070,10968,11140,11800,12554,13167,9663,10111,10850,13119,14672,14491,14618
"335991",2355,2333,2109,2074,1748,1718,1719,1751,1973,2360,2667,2877,1843,2637,3124,3361,3292,3246,3273
"335999",6957,7600,7874,9148,7955,6848,6742,6996,7558,7575,9443,8942,7267,9006,9744,10922,11310,10786,10922
"336111",98516,100929,99221,100276,91940,85579,81685,89018,90413,99522,87807,83095,54295,76419,87766,108884,115127,118634,126788
"336112",110706,114469,144685,126269,139919,145993,161332,163447,163766,152621,160904,111978,91997,126941,156585,123706,141251,166064,208948
"336120",14685,18274,22476,19748,12657,16206,15607,21209,26608,30196,20011,19036,15887,21459,27921,28919,28716,29314,31606
"336211",8902,9657,10809,10723,7796,8504,8970,9757,10930,11756,12235,10969,9460,9770,9878,11228,11685,12637,13599
"336212",5459,6423,6811,6469,4321,4082,4586,5794,7113,8133,7467,5989,4291,5298,6871,8060,8190,9202,9884
"336213",3924,4511,5348,4415,3348,5631,6012,6340,6226,5423,5779,3951,1636,2197,2266,2327,3264,3991,4303
"336214",4658,5266,6074,6415,6094,6833,6905,8684,9670,10807,10786,8221,6084,7330,8062,10453,11894,13611,14629
"336310",28812,29677,31766,31658,29943,34623,35039,35254,34393,31762,27811,22169,15069,20493,21628,30356,32840,33515,36504
"336320",21324,22074,26168,25093,24373,24607,23950,20452,22335,22338,19709,18897,14972,16723,17049,19638,21633,23676,25795
"3363A0",21824,21831,23985,23465,20754,23842,24030,24656,25273,24320,22146,18890,16098,18725,21090,22989,22409,25169,27440
"336350",30818,31180,35896,36060,31682,35812,34075,36187,35011,34861,36523,27950,23649,30916,33080,35169,35796,38608,42055
"336360",12597,12925,14966,15942,15046,17223,17238,17398,18906,19858,21890,18164,13545,16685,18878,21293,23834,26609,28936
"336370",24419,24963,25981,25408,23178,26391,26759,27331,27663,26985,30524,25815,18781,26164,28993,30555,32099,34596,37653
"336390",42239,44470,48210,50200,44281,43065,43348,43848,45492,45874,49761,46019,34246,43548,48757,57202,59366,64184,69906
"336411",58665,76746,74866,60465,72566,67270,60660,61186,71375,75762,100205,100871,95098,99431,99954,118098,124424,133693,147162
"336412",22973,25188,24246,24372,27407,23884,24390,25742,28006,29655,38456,37040,31746,30262,34754,45155,48355,51345,53611
"336413",20485,24443,23564,20758,23217,22172,22057,23445,25489,29804,33924,34225,33790,30041,34164,35177,36696,39304,40841
"336414",16218,17087,15425,12982,12719,13336,15069,11256,13025,13741,15099,15636,15512,18870,19328,21573,21302,22059,21602
"33641A",4291,4429,4083,3343,3565,3955,4199,5371,10289,5478,5748,7040,6316,6089,5500,5732,5787,6229,6117
"336500",8227,9341,10138,9404,8469,7498,6958,7736,9027,10589,12569,14664,11235,10428,12316,16609,19569,22344,17503
"336611",10660,11568,11221,11286,12686,13166,13744,14098,14643,15663,18442,21704,24129,23757,22623,26586,26580,26080,26557
"336612",5579,6116,7264,7939,7134,8297,8276,9791,11058,11509,10807,8824,5749,5590,6188,7390,7822,8766,8960
"336991",3341,3196,3036,3340,3828,4752,4617,4648,4979,5592,6621,6311,5116,4335,6149,6043,6342,6414,6269
"336992",1110,1439,1130,1064,1396,1584,2580,3715,5114,6234,11407,16790,16014,12930,8151,5870,3893,2820,2729
"336999",4517,5084,5658,7261,7265,7059,7394,7925,8638,8727,7985,7597,5386,6358,7275,7415,8278,8757,8583
"337110",9437,10305,11167,12343,13001,14830,15772,17696,19616,20942,19356,16394,12686,11705,11446,11505,12914,13334,14091
"337121",8260,9003,9596,9465,9070,10457,10247,10207,10627,10523,10839,10013,8163,8406,8322,9627,9957,10158,10665
"337122",11050,11902,12391,11992,10566,11156,9933,9457,9684,9187,7362,7267,4422,4124,4050,4180,4228,4233,4500
"33712A",3257,3459,3762,3996,4113,3504,3098,3162,3420,3361,3742,3505,2822,2810,3051,3015,3154,3191,3360
"337127",4606,5142,5358,5239,5188,5137,5082,5214,5660,5602,5425,5218,4197,4025,3839,4643,4548,4653,4911
"33721A",13495,14260,14782,15653,13877,14484,14509,15240,16692,16205,18429,18842,13937,13160,15372,16935,16003,16685,17626
"337215",7839,8441,8244,8541,7914,8441,8339,8594,9136,9621,7755,7199,5430,5493,5886,6719,6883,6979,7399
"337900",6224,7103,7299,7671,7700,7691,7695,8482,9216,9860,10008,8759,8093,7849,8406,9663,12105,12183,13168
"339112",18306,19949,20550,21973,23338,21774,23076,23083,27090,29010,30883,34774,35784,36321,37206,37498,40479,40311,41423
"339113",15685,17594,18420,19985,21016,25222,27905,27712,31512,32321,33747,35659,36459,38042,37475,36926,40287,38921,40020
"339114",2531,2710,2863,2992,3106,3109,3289,3640,3985,4159,4525,4819,4595,4924,5200,4923,5237,4962,5087
"339115",1773,2461,2221,3878,2990,4291,3996,3838,4953,5257,5862,5716,5991,4742,5730,6772,7167,7152,7481
"339116",3301,3882,3024,3179,3327,3700,4001,4129,4459,4692,5159,5285,4999,4885,4827,5410,5899,5728,5721
"339910",8972,8720,9688,9944,8857,8638,8770,8871,9537,9483,9702,9155,7392,8677,8123,7830,8185,8287,8311
"339920",11366,11713,11287,12279,11831,11557,12023,11608,12334,13211,12386,12216,9918,9995,10126,10036,10281,10364,10501
"339930",4476,4186,3811,3751,3371,4059,3883,3635,3738,3764,3009,2908,2268,2720,2561,1700,1518,1651,1675
"339940",4344,4499,4362,4370,3984,4030,3980,3912,3912,3871,4116,4101,3742,4186,4229,2674,2599,2814,3360
"339950",9775,9826,10974,11130,10830,10829,10970,11603,12672,14792,13546,14342,11917,11730,11926,11965,12758,13646,13647
"339990",19347,20117,21334,22882,21294,25016,25335,26853,28576,29814,28906,29319,26294,28094,29491,28468,28643,29956,29957
"311111",8141,8353,8082,8304,9228,9800,10181,11205,12274,12857,13493,16429,18168,17866,17845,19388,21109,22774,23485
"311119",18215,17131,15341,14882,16180,16412,22487,19210,19154,19690,23221,29584,28371,26918,31951,34680,35807,33264,34326
"311210",10988,10148,8902,9014,8470,8877,9624,10327,10394,10768,13339,17083,17090,16290,19601,19999,20791,20239,20104
"311221",8269,7994,7799,7536,7831,8246,9036,9922,10558,10717,11767,14944,15709,14442,14493,12578,13411,11343,11273
"31122A",14826,13633,11717,10813,11655,13598,17143,18460,18451,17914,21188,32414,27825,27127,32950,39855,38209,36012,35783
"311225",7309,7447,6659,5823,6147,7146,7526,10186,9758,9290,13055,17999,13359,12738,15259,17289,16058,15015,14932
"311230",8916,9599,10764,10972,11324,8842,9865,10435,10636,9674,9854,10754,11222,10461,10427,10828,11000,9829,9743
"311300",24022,25210,24902,25561,25187,25080,25950,26244,28319,28151,26617,26276,27260,30594,31779,32398,32458,32799,33998
"311410",20189,20514,20570,21517,22117,21830,21818,21714,23285,24534,24628,26108,26572,26512,27386,30044,30856,31683,32800
"311420",26638,27498,28646,28911,29856,31716,30161,30161,30280,30534,34868,36947,37459,35695,36103,38912,39996,39447,41162
"31151A",23041,23411,23499,23945,25636,24821,25977,28006,29193,28745,33631,34778,31748,35162,38132,37177,38484,41027,36576
"311513",19739,21869,21616,19105,21034,21343,21867,24642,25787,24135,31827,34456,28286,36675,42117,40871,43531,49989,44688
"311514",9079,8993,8844,9390,9811,9289,9195,9470,9393,9497,13378,15025,12678,14618,17166,19418,20100,21961,19607
"311520",5690,5754,5344,6190,6595,8047,7106,7632,8595,8411,8534,7558,7440,7137,6935,6973,7322,7855,7025
"31161A",77838,73527,76079,84181,87834,82108,91533,94834,98854,100437,107323,115034,109808,123158,140858,140223,142604,156630,148620
"311615",31273,32158,31830,31917,34057,37030,38362,42902,47014,45072,49152,51904,51607,50879,52617,57071,61382,62902,59701
"311700",6569,7113,7486,8161,8508,8434,8437,8918,9716,10455,10279,9665,10281,10042,10480,10582,11067,12075,11518
"311810",26491,28360,29214,30829,30985,30103,28113,30763,32601,32722,33048,34601,34546,33900,35344,35933,38103,38993,40202
"3118A0",17020,17263,17549,17202,17857,17666,19205,19424,18935,18909,20643,22421,23161,24056,25339,27606,27572,28722,29647
"311910",13672,15264,15460,15784,15766,17132,18667,18687,20481,21782,23696,25475,25686,26870,29008,31352,32415,35268,36394
"311920",7808,7541,7355,6421,5092,5438,5695,5728,6156,6889,7696,8610,9102,10347,12465,14091,12931,14399,14868
"311930",6528,6857,7422,8031,7917,8203,8659,8241,8009,8367,9119,9253,9190,9059,9739,8950,8997,8617,8892
"311940",9872,10556,11325,11127,10231,11051,11760,12546,13068,13627,13944,15032,15892,16599,17281,18975,19662,19390,20329
"311990",10869,11316,10587,11491,11878,14682,16677,19638,19985,21313,18737,20128,20533,20289,20744,21987,23622,25005,25635
"312110",30761,32106,32665,33454,34705,33198,35029,38584,42175,40932,44389,44493,42066,41730,42298,46041,45962,42653,42616
"312120",20622,20551,19450,19269,20635,20525,23022,22874,23332,24150,24220,22433,26738,28305,29442,31207,34607,37500,37418
"312130",7099,7140,7184,8246,8767,9596,9426,9727,10838,11921,13242,13530,15799,15054,15953,16672,16482,18649,18290
"312140",6375,6273,6204,6808,6501,7080,8064,8303,9065,9574,10372,10981,11501,10993,12193,14014,14414,15410,15177
"312200",41880,46289,52432,57237,62589,47722,47900,48129,53220,53654,50332,51573,65758,70748,70924,71028,70377,65587,70576
"313100",12826,12678,11914,11296,10029,10623,10146,10678,10616,9691,9313,8331,6120,6935,7594,7803,8104,8138,7956
"313200",29859,29745,27892,26110,22770,22292,21247,19664,19359,18273,17231,15681,13298,14719,15212,14710,15110,15154,14811
"313300",15738,15052,14429,14229,12780,12279,11184,10564,11197,9736,9198,7523,6191,7661,7914,7474,8148,8342,8176
"314110",11634,12136,12020,13077,12976,13576,13702,14660,16524,15780,12968,11676,8714,7745,8870,9036,9373,9307,9429
"314120",8971,8663,9513,9722,8909,7861,7479,7369,7487,6336,4789,4327,3482,3651,3708,3580,3549,3937,3996
"314900",10732,10274,11328,10848,9756,9269,9118,10114,11071,11160,9570,9832,8315,9161,9140,9145,9665,10484,10634
"315000",70647,64155,62214,58852,49969,43717,37773,31972,30612,28638,21118,16376,12634,12771,17713,24586,24868,24382,25306
"316000",10360,9458,8912,8956,7207,5876,5829,5964,6147,5904,5574,5275,5105,5832,8037,7543,7681,7524,7015
"322110",3281,3133,3110,3683,3232,3528,3775,4021,4018,4259,5077,5273,4310,4527,5282,5282,5473,5437,5472
"322120",48146,47507,48790,50324,46356,45569,44318,46168,50264,51793,50141,53134,47411,48034,49017,47595,48412,46870,47275
"322130",20342,21175,21602,23640,22231,21241,20206,21119,20925,23459,25368,25233,23110,27278,28317,28528,29605,30285,30478
"322210",39144,42328,43186,46853,44989,42695,42354,43604,44953,47230,49386,50274,46203,48891,51059,52494,56393,58499,54271
"322220",19084,18954,18988,19153,18458,17957,17877,18216,19387,19697,21260,21009,18150,19680,19553,21922,21315,21949,22262
"322230",7480,7547,7578,7858,7799,7564,7268,7292,7604,8079,7820,7537,6500,6080,6290,6645,6634,6114,6201
"322291",7838,8443,7754,7408,7236,9425,8738,7961,8036,8201,10269,10394,10420,10135,11052,12358,11849,11752,11894
"322299",3653,3914,4446,4671,4549,4305,4206,4511,4734,4726,4742,4199,3902,4104,3983,4756,4898,5001,5066
"323110",90976,94304,97195,100577,98179,94059,90392,91013,93591,95708,98309,93916,79445,79353,79443,80118,79854,80308,83930
"323120",7050,7331,7125,7065,6449,5744,5330,5322,5353,5270,5574,5340,4312,4147,4109,3606,3778,3704,3908
"324110",156643,115505,140547,210832,196030,189951,220456,296832,427652,497866,567190,694791,445204,563324,763351,779983,776775,714704,457894
"324121",5939,6401,5980,6573,6631,7529,7920,8145,8619,11985,12170,12684,11471,12614,12266,13469,13025,13333,11440
"324122",4992,5266,5152,5540,5310,5914,6590,7699,9016,9168,8358,8979,9058,9472,10287,10688,10627,9859,8481
"324190",7712,8120,7341,7761,7814,8182,8830,9515,13094,14442,14317,15153,13622,16281,21700,24906,23335,22311,20978
"325110",18768,12723,19310,21784,14609,19316,25117,41173,52932,64526,76391,76439,50390,75101,83891,80554,80747,71919,65503
"325120",5540,5924,5406,5086,5251,6064,6818,7207,7753,8525,9270,10160,7374,7207,7101,7580,7461,7326,6744
"325130",6484,6432,6167,6367,5820,6414,6397,6398,6820,7066,8106,7730,6107,7202,7642,9199,8955,8255,7622
"325180",20842,26824,21493,20455,20753,19951,20068,21153,24048,25720,30039,30233,26049,32291,34727,38278,35837,35869,33408
"325190",60051,54511,54692,55278,53874,56201,60723,69121,76191,85866,98611,109134,77429,101413,128256,140459,143101,140044,128701
"325211",45440,45010,46525,51700,45348,46969,50680,59742,73598,75807,84537,82131,61438,79969,83939,90783,93951,96130,88187
"3252A0",19329,18347,17141,16314,14572,13322,14033,14016,15336,15571,15896,15526,11448,15392,17588,18015,17357,16245,15002
"325310",12517,12746,10307,10101,9729,10135,11142,12664,13575,13672,17585,23537,19711,20337,23451,26336,27886,26288,29232
"325320",11467,11546,10486,9656,9257,9233,10048,11373,14000,13962,11337,12642,11540,10496,10767,14646,17317,15449,17175
"325411",12193,13759,12589,13257,12734,13346,12017,11841,11033,11083,13685,11914,12577,12943,14241,14653,15244,15434,18057
"325412",69923,79689,87439,94999,106346,123702,130754,136625,146478,157545,162804,164311,156055,158676,165306,156507,157966,177538,207209
"325413",9161,9630,10626,11341,12140,8550,9478,10515,10919,11911,12881,12569,11621,13473,13455,14217,15303,14504,16995
"325414",6133,6764,6787,7762,8221,9308,10610,12128,14145,19096,23928,23706,26527,25849,24395,28858,27911,26882,32236
"325510",18605,19281,19334,19769,19857,19889,19798,21613,23128,23637,23172,21866,19068,21170,22262,24189,26258,27554,28770
"325520",7236,7235,7840,8092,8201,7424,7857,8230,9024,9650,10403,10727,9602,10451,11009,11576,11481,11927,12414
"325610",28650,27594,26144,27170,27017,29728,29315,33143,37548,38297,46835,43635,45832,45724,50740,48252,41006,41150,38204
"325620",23722,24478,25875,28408,30024,32999,29357,31186,33424,35522,38285,35833,30650,32269,33791,34062,38495,39895,38785
"325910",4099,4427,4795,4837,4784,4422,4186,4566,4891,4838,4838,4546,4078,4659,4790,4773,5044,4939,4544
"3259A0",34792,33479,35593,40360,34762,32715,31910,32178,34698,36369,39084,38972,35150,40236,42319,42283,42665,43301,40044
"326110",24465,25034,26375,27063,26290,28008,28378,28473,31934,34191,33974,34336,29443,32951,35227,38953,41137,41757,40709
"326120",9216,9186,9396,10161,9731,10840,11470,12661,14866,16335,13795,13481,9575,11367,12615,15452,16723,17972,17512
"326130",3192,2822,2736,2726,2449,2206,2376,2360,2559,2641,3723,3603,2600,2981,2919,3597,3562,3832,3735
"326140",4923,5544,5959,6312,6509,6284,6443,7032,7816,8293,7751,7807,7241,7428,7834,8026,8372,7896,7695
"326150",6665,6610,7570,7358,6773,6927,7163,7731,8606,10207,9630,9515,7012,7819,8433,9514,9921,10503,10230
"326160",6362,6967,7285,8028,8270,8011,8276,8443,9428,10075,11846,11993,10817,10808,11780,12496,12366,12835,12507
"326190",68711,71944,77114,79711,76217,77630,78237,80918,86370,90529,86973,81143,68103,75383,78276,83588,87715,93863,91454
"326210",15879,15528,15159,15828,14671,14715,15284,15901,16333,16522,17804,16933,15476,17273,21073,20640,19562,19337,18974
"326220",4333,4299,4600,4329,4013,4067,3992,4148,4368,4389,4384,4399,3649,4305,4816,5233,5194,5103,5050
"326290",14566,15099,15362,15509,14274,13581,13474,13989,14671,15274,15386,14204,12255,14763,16154,17660,17847,18132,17653
"420000",748456,773544,827951,884285,862641,893889,925784,1022991,1116797,1196536,1269456,1311435,1092049,1253065,1357789,1443236,1506759,1553879,1554260
"441000",173858,173742,195409,194277,175731,208530,211001,216834,211388,213976,214233,187191,153245,206625,211226,239964,247851,257173,276295
"445000",128866,132793,139680,140712,151928,153364,158343,167627,174404,184214,186946,194278,191873,198889,206590,211396,214848,223569,230751
"452000",115390,122248,130266,134638,137569,138195,155948,171156,179456,184332,193902,200087,208690,216606,214320,214665,220699,226389,229596
"4A0000",434037,457759,482466,523179,524176,540300,579311,629900,668448,712607,725639,699167,668722,705419,735510,783218,829146,869455,904093
"481000",114308,111089,114618,123668,107172,100688,109861,120549,133590,145059,155997,165019,136328,153610,170380,178090,180959,187461,188627
"482000",38993,38950,39466,40099,40687,41350,42322,46636,52599,59312,61908,69503,55368,66975,76144,79272,81721,88298,80789
"483000",24569,24848,26218,27590,27743,26953,31262,37318,39252,42190,48330,54733,49217,54004,56578,59281,60617,62197,60164
"484000",164239,176513,188370,201280,202150,206016,211869,234340,259661,276745,283159,287597,233199,253443,281507,300778,309990,332205,333910
"485000",24181,26381,26195,25888,26709,27344,27971,33272,36949,42250,44815,45339,45148,45842,48879,51936,55129,57344,58079
"486000",24253,24185,24163,23215,22721,22271,22483,23168,22953,24374,25880,29378,23971,25811,27355,27483,29334,31905,33206
"48A000",42028,46494,51238,55866,58557,61792,64893,72190,81059,89114,94744,99280,84624,92344,100252,105417,111412,120537,127627
"492000",41727,47370,52262,59399,60388,61357,64784,69282,70637,77479,83062,84002,74552,76370,83373,87653,90410,94931,98714
"493000",26337,28645,31117,33847,36380,39680,45246,49679,53163,61491,69040,73034,71074,76340,80428,84525,87527,90789,93708
"511110",42274,44192,47415,50785,46808,47459,48410,49452,50634,50131,48674,44882,37271,35571,33989,32956,31554,31151,29618
"511120",31333,35737,38850,41544,41455,41646,41119,42830,44372,46366,47571,46499,40505,39863,40000,40282,40155,40458,39217
"511130",30113,31802,34001,35546,34735,35520,34861,36064,36173,36084,37603,37989,36652,38760,38852,37607,38352,39418,39309
"5111A0",19695,21454,23133,24444,25236,25651,25549,26125,26416,25586,26762,26206,23493,20205,19710,18695,16256,16627,16371
"511200",67482,80874,94671,101876,111075,111741,108807,118935,125571,134478,143803,152569,148674,153838,166486,171559,183997,196378,201881
"512100",68706,74612,79893,87774,90190,97503,105932,105757,108785,111214,114728,111873,106195,117007,119266,124448,128069,125224,131448
"512200",17547,19130,21302,22555,21837,21960,21319,21667,22724,23046,20959,20810,19741,19056,18623,19696,20292,21378,22680
"515100",43913,47033,53867,59528,55679,57823,57661,61027,62464,66302,64307,65150,59304,66349,67465,73870,76173,83207,86909
"515200",17373,20469,24517,28780,30808,34303,38775,42762,48939,53098,57405,61909,63834,68426,74296,79101,83815,88723,95008
"517110",283926,311640,346879,380808,378800,357083,337790,329219,327406,318686,321093,325683,317987,327567,335738,340795,345867,354600,365510
"517210",41033,46379,57026,67498,88033,103990,115450,129497,142969,157652,171042,180575,184218,193511,207661,219176,229463,251558,255484
"517A00",17426,19691,23229,26109,26532,23823,24857,24683,28407,31582,34859,35891,35096,34568,31529,34748,36948,39819,42994
"518200",38514,41389,48243,54953,60824,66475,65509,68415,70941,77791,80766,86781,85285,89989,96654,104793,111401,115616,124268
"5191A0",3761,4380,6084,8510,6624,6737,7252,8318,8886,8800,6999,7571,7584,7535,7986,8534,9005,9411,10153
"519130",4542,5399,7206,10231,9291,9516,11883,15403,18536,24226,32007,38326,39585,43635,50559,60396,67486,77074,88849
"52A000",280651,308678,340367,368047,387878,426962,446713,447727,472154,485595,495803,470563,474311,472511,459953,484152,488054,509369,552554
"522A00",147873,155116,174626,195024,213178,214595,216655,227498,236699,242902,242099,246148,215480,191643,180947,182322,188164,196865,202860
"523A00",131663,149592,182749,220216,187174,164097,176923,197161,209072,237775,262949,194295,195829,201362,183011,182914,188740,197007,199382
"523900",73193,94653,108097,136894,126597,123274,132260,148490,174157,210757,240491,238382,207143,216999,227223,242244,266732,286064,291415
"524100",270238,288886,303254,328062,340689,351750,384829,426854,472246,495751,533933,534590,491492,525765,558009,540927,561499,615262,634712
"524200",88488,95927,101911,110759,117243,125027,133584,144218,153622,161772,169663,175764,170885,173672,185769,214179,235925,244172,255403
"525000",56370,65326,74952,91458,82370,72564,71194,82079,89995,99876,116572,120140,99173,106812,112171,116084,135637,139315,141348
"5310HS",852327,905909,962399,1022733,1097633,1146723,1190604,1260820,1351601,1438396,1496841,1553377,1591035,1605453,1656277,1701304,1744130,1820837,1919236
"531ORE",384313,402120,431043,484127,505773,571656,641500,757015,894360,901513,876480,793803,726359,761667,770843,832985,902638,993401,1045908
"532100",30644,33344,36822,39507,38571,38251,39222,42398,44793,47563,49060,50421,47308,47759,51257,54283,55921,58972,61672
"532A00",20277,22839,24431,24873,24683,24018,25827,27841,27472,29065,30921,30776,28123,28258,27934,28620,28670,30059,31987
"532400",31409,36994,39313,42964,41524,39042,38336,40660,45716,52545,55008,56385,49574,50312,54873,61423,66414,72786,76373
"533000",65783,75396,85731,100845,103052,98624,114034,118414,130162,130306,132949,150195,123969,140238,150410,155875,169356,175569,184166
"541100",158405,174032,185116,191910,205277,216054,239548,251277,268332,279121,288511,287690,276408,280107,289670,297727,301045,307100,321656
"541511",41266,53745,66367,74828,72031,67692,66853,68372,75070,80349,93333,101226,98153,111336,122973,136415,141018,153824,157254
"541512",56141,69876,80986,92897,91406,89450,86318,85281,90120,94190,102061,108696,102750,108968,115710,119667,119813,124160,123854
"54151A",23877,28552,35761,38946,41227,37110,39064,41718,43449,47253,54119,61577,65275,69618,72453,75122,76724,72046,72053
"541200",72438,80510,87807,97067,101696,103211,105499,108928,115675,121944,132385,139188,137720,135741,140939,151404,157528,167335,180040
"541300",132843,145770,154863,171595,177474,175744,181919,204740,229996,250591,273730,285832,251700,243224,253252,248384,245809,259440,280832
"541400",17894,19403,20411,22142,21485,20375,21423,23254,25170,27176,29830,28943,23920,24268,26054,27246,28079,31731,33944
"541610",67794,77002,84119,91687,98874,104871,104867,114481,128651,135472,145562,151888,140151,150273,159402,167371,175376,186940,195258
"5416A0",15684,14573,14789,16191,17425,18304,20262,22772,25478,27389,31914,33681,33723,36356,38533,40451,42072,43853,45895
"541700",96788,105460,116150,130494,135309,138892,142336,147006,147541,154920,162270,180890,192927,209117,217953,231681,236263,247061,250783
"541800",57404,64749,72308,83260,83426,82042,86872,95897,104397,116397,129124,131328,121490,130126,136630,147330,151435,158822,166213
"5419A0",43391,42483,43000,45699,46358,46903,50107,55208,58696,61299,63918,67331,67351,71570,74913,77935,78654,81184,83645
"541920",9631,9987,10169,10719,10900,10504,10776,11047,11308,11564,11860,12233,11271,11314,11490,12052,12500,12940,13443
"541940",12015,12897,13700,14742,15324,16161,17277,18796,20510,22273,24527,25906,25898,27141,28056,30156,31829,34844,37952
"550000",196136,221911,240214,260454,259587,262452,281193,319394,353204,384458,431705,439339,415297,447069,484011,531030,558001,596052,630749
"561100",31479,32983,35939,38349,38561,36554,38042,40387,44106,44854,45635,47438,49180,52406,57708,63145,66244,71956,78231
"561200",8457,9642,11002,13167,13442,14047,14643,16430,19607,23226,27322,30594,30892,31543,34433,33959,32718,33098,35369
"561300",81018,105587,118325,135171,122897,115244,121879,136392,151958,166979,178836,180852,156937,176050,195881,210003,221662,249946,278287
"561400",40216,42611,45548,48961,51182,50757,54419,58194,62447,67510,70559,71023,67538,67293,68273,70110,70333,72328,76197
"561500",25516,27511,29381,30658,29463,27812,29434,31876,33476,35906,39994,40917,36463,39786,42230,44166,46212,49194,51992
"561600",22351,24525,27472,29591,31199,34764,35757,37313,40892,41602,44795,47094,46078,45823,47175,48988,50884,53506,58043
"561700",68902,75445,81989,89410,95789,100178,106242,113240,121853,129631,140769,143294,134714,138150,143788,149888,158034,173203,182292
"561900",31863,34735,35947,37872,35994,34688,33967,35724,38860,39474,40679,41240,36652,37569,39043,41309,42080,44984,50734
"562000",41769,46241,50396,52337,52871,52850,56686,61415,66178,72797,75787,79782,73766,82635,85294,85701,87093,91518,92945
"611100",22618,23344,24106,25461,27154,27911,28472,29261,30302,31675,33769,34913,34465,34957,36159,35792,37158,38325,40776
"611A00",69810,74737,80213,86336,94717,101967,109023,112877,118365,128575,138785,150966,165143,180196,189269,194725,199460,205515,209791
"611B00",23047,25782,28648,32202,35515,36565,38595,40786,44334,49096,54589,58543,59435,64290,67357,68502,70345,74060,78412
"621100",184002,195405,206058,223260,243604,264020,285049,306115,322343,336068,351795,369021,378360,389168,402319,418319,422021,440948,474024
"621200",51391,55464,59133,64460,70127,76488,78632,84234,88774,92235,97515,102559,103012,105408,107899,109845,111260,113863,119007
"621300",43204,44117,44024,44326,48167,48726,52859,56770,59432,61561,65929,70885,73672,79639,84139,85389,87420,92266,98119
"621400",40026,41725,44722,46861,51640,57405,60758,63042,67968,71046,73213,79496,85744,90479,97987,104168,107151,114606,123634
"621500",20406,22885,23679,26020,28951,29566,31840,33666,35641,36899,37532,40288,42433,43130,45132,45064,44974,45471,47559
"621600",37556,36788,34055,32744,34431,35514,38208,41897,44543,46229,51240,54939,58739,61350,64422,68099,76987,81154,86642
"621900",12465,12894,15081,16057,17227,19424,21294,24048,26483,30264,33632,33710,35357,36015,38294,40420,40610,42124,43983
"622000",271877,290383,304258,320908,347037,382709,409902,436329,470840,503090,531078,566280,602839,623672,654075,694031,719354,748597,802401
"623A00",77415,83223,85139,90311,96780,101864,108545,114237,121940,128677,136540,144011,148616,153599,160458,165575,169843,175443,183776
"623B00",16657,17571,19448,20891,23191,25187,27496,29147,31583,33294,34926,36732,38006,40632,41508,42851,44023,45666,48268
"624100",26728,28835,31624,35814,40569,43250,46038,48477,51373,56120,60962,65384,68717,72058,74181,75868,77497,82223,86093
"624A00",11881,13548,16124,19162,22436,24836,26984,28007,31117,32005,33570,36653,37814,40123,40518,40286,40869,42184,43422
"624400",23764,24679,26789,28939,31484,33313,34166,34361,35003,36668,39618,41412,42812,44129,44839,45882,46412,47951,49720
"711100",11252,12242,13436,14921,16122,15346,16022,18307,18951,19288,20199,21560,22418,26799,28048,28101,27934,29082,31247
"711200",17000,18707,20055,22253,23539,26012,26759,27335,29364,31314,35384,36918,36597,37284,38835,39392,41234,42905,44999
"711A00",10842,12643,13592,14490,15842,19392,21130,21245,22840,26743,29367,30686,31001,26438,27332,30023,31831,35039,40046
"711500",15026,15579,16112,17001,19346,21745,24841,25360,25601,28818,30224,30905,30457,30953,31538,34849,35484,36457,39681
"712000",4874,5002,5572,6426,7527,7853,8284,8404,9199,9714,11111,11770,11778,10729,10770,12027,12641,13078,13358
"713100",7168,7685,8506,9688,10706,11139,12264,13706,15169,16127,18372,18751,17775,18537,20011,21502,22854,24450,27119
"713200",17988,16424,17448,16748,14132,12485,16367,20268,20955,26644,29094,29675,29094,29880,31847,33298,35106,36423,40095
"713900",41904,44316,46754,47914,48696,51201,52729,55027,57617,61156,65206,66417,63977,64616,67037,70110,73259,76068,80397
"721000",117943,124638,134442,150921,145563,148737,154077,166674,179302,189432,196054,197649,178419,178831,189427,203338,213015,228832,243394
"722110",136297,144034,152452,164615,174753,186801,195095,205715,215387,228574,238422,239747,235173,240968,256827,272795,282092,303157,329380
"722211",115321,120472,123652,130224,131775,136104,154324,177046,200130,222953,245228,255979,257392,269260,281864,297137,310332,326865,353599
"722A00",52501,57349,61960,67614,71888,76090,68794,61016,51631,41605,29344,29576,29003,29738,31704,33679,34713,37292,40497
"811100",84573,92804,97625,98548,101375,99369,102974,105651,108397,111164,111060,106946,102844,105989,109561,111683,115218,120763,126138
"811200",17994,18811,19924,20037,20385,20513,20234,21160,19457,19590,19265,18761,18241,18178,18502,18569,18941,19865,20572
"811300",17391,18287,18375,19695,20891,22670,24623,26026,25492,27942,30602,32214,27674,28346,32568,34888,35516,37802,39545
"811400",14342,15094,16106,16929,17296,18032,18104,18593,19095,20014,20524,20423,18667,18765,19321,20476,21704,23133,25105
"812100",28950,31576,33453,36395,38469,41336,44605,48354,54060,57221,60087,65153,62347,66800,68315,73516,76706,80845,84725
"812200",12298,13268,13567,13729,14669,15106,16590,16399,17226,17779,18269,18902,19193,19634,20126,20457,21283,21657,22422
"812300",19970,21326,22502,22967,23849,23647,23008,23424,24641,26037,26150,25508,24541,24771,25548,26059,27266,28603,29555
"812900",32442,34720,38120,39962,39531,41354,42664,45223,46683,46907,48097,48400,46679,48738,52651,55688,57725,64135,67595
"813100",44582,48161,50224,54056,58587,62211,63312,67335,70014,72640,77713,77124,76315,74865,73460,76317,79620,83826,85949
"813A00",13147,14876,17764,20711,25004,27326,28760,29722,31703,36456,40430,45036,44144,44880,47314,48231,51577,56046,59118
"813B00",53419,59689,60560,66853,67965,72573,68999,69527,64114,70033,63513,73950,67791,73159,70828,81745,75318,82633,81068
"814000",12195,14133,12884,13766,13059,12821,14238,15173,15358,16473,18131,19202,17552,15461,16481,17670,18238,20906,21471
"S00500",304322,299925,312731,320714,339355,374153,426047,464209,495103,521615,547984,605869,636543,676777,688272,679726,639853,626777,617024
"S00600",159937,163154,168381,182587,195632,217601,235896,251832,267532,282367,290587,316744,341518,373430,368417,375009,368099,378018,394935
"491000",58412,60127,62161,63537,63982,66628,66584,67762,68125,72734,74848,73058,67586,66036,63687,61633,60460,62312,62457
"S00101",8337,8771,8750,9543,10564,9818,9966,10331,10912,12147,12270,13614,13113,14075,14332,13951,13881,13705,13532
"S00102",6091,6683,7232,7193,6752,6598,7127,7554,6869,7712,8887,11736,15473,15811,16543,22411,16714,15851,16522
"S00700",998740,1058661,1137144,1223681,1316297,1381784,1432537,1510052,1594147,1685031,1787992,1879726,1913902,1942305,1961814,1982000,2020262,2072904,2129177
"S00201",7513,7701,7935,8447,8878,8968,9374,9942,10473,11169,11789,12514,12938,13058,13790,13970,14554,15229,15919
"S00202",22167,22571,22835,22621,22378,21791,22562,23686,25769,28383,30241,32370,33622,34441,34793,34695,34679,34869,35724
"S00203",100467,104559,110455,115871,123199,130695,139033,148596,160305,172454,182057,190283,196622,203625,210186,215863,222962,227881,234408
